{
  "run_id": "lgbm_daily_742a6c0f",
  "version": "v2",
  "model": "lgbm",
  "freq": "daily",
  "timing_seconds": {
    "dataset_build_sec": 82.33,
    "train_sec": 9.72,
    "backtest_sec": 18.79,
    "total_sec": 112.48
  },
  "metrics": {
    "annualized_return": 0.3880269883343651,
    "max_drawdown": -0.613073688322607,
    "sharpe": NaN,
    "information_ratio": 0.7746099886829229,
    "turnover": 0.22049432187940213,
    "win_rate": 0.6037735849056604
  }
}