{
  "run_id": "mlp_daily_be0d8623",
  "version": "v2",
  "model": "mlp",
  "freq": "daily",
  "timing_seconds": {
    "dataset_build_sec": 83.26,
    "train_sec": 16.36,
    "backtest_sec": 17.79,
    "total_sec": 118.82
  },
  "metrics": {
    "annualized_return": 0.0009524363886227297,
    "max_drawdown": -0.7297802187587118,
    "sharpe": NaN,
    "information_ratio": 0.0019384162728812715,
    "turnover": 0.2065707913316857,
    "win_rate": 0.6037735849056604
  }
}