,ic_mean,ic_std,icir,ic_gt0,obs_days
NET_AMT,-0.0004235494658570708,0.07475422528357828,-0.005665893322346404,0.23432343234323433,558
RET2,-0.007584574346583676,0.13877223612693732,-0.05465483988880371,0.4636963696369637,1212
VOL5,-0.004378558440724238,0.07275165763033364,-0.06018499898534851,0.4603960396039604,1212
VOL_CHG,-0.005095366155606231,0.07002389546695975,-0.07276610536381362,0.452970297029703,1212
RET1,-0.013523515206131001,0.14279851411521938,-0.09470347286054126,0.45792079207920794,1212
VOL20,-0.008240228048321042,0.07933109518823701,-0.10387135118536732,0.4504950495049505,1212
RET5,-0.01837336146068602,0.13779225109545798,-0.13334103561327415,0.4381188118811881,1212
TURN,-0.057299819414155066,0.16988278674504498,-0.33729031947075155,0.3696369636963696,1212
