{
  "run_id": "mlp_daily_cn_v1_afa8c070",
  "version": "v1",
  "config": "D:\\quant_project\\QuantML-Qlib\\configs\\mlp_daily_backtest.yaml",
  "timing_seconds": {
    "dataset_build_sec": 85.35,
    "train_sec": 14.92,
    "backtest_sec": 18.64,
    "total_sec": 120.15
  },
  "metrics": {
    "annualized_return": 0.12816877247575786,
    "max_drawdown": -0.6440406057226031,
    "sharpe": NaN,
    "information_ratio": 0.2625730184005559,
    "turnover": 0.21029443904108186,
    "win_rate": 0.6320754716981132
  }
}