{
  "run_id": "mlp_daily_cn_v1_27bc0bf5",
  "version": "v1",
  "config": "D:\\quant_project\\QuantML-Qlib\\configs\\mlp_daily_backtest.yaml",
  "timing_seconds": {
    "dataset_build_sec": 88.49,
    "train_sec": 15.47,
    "backtest_sec": 19.77,
    "total_sec": 124.9
  },
  "metrics": {
    "annualized_return": 0.12816877247575814,
    "max_drawdown": -0.644040605722603,
    "sharpe": NaN,
    "information_ratio": 0.2625730184005566,
    "turnover": 0.21029443904108186,
    "win_rate": 0.6320754716981132
  }
}